Assembly Accession	Organism Name	Organism Infraspecific Names Breed	Organism Infraspecific Names Strain	Organism Infraspecific Names Cultivar	Organism Infraspecific Names Isolate	Organism Infraspecific Names Ecotype	Annotation Name	Assembly Stats Total Sequence Length	Assembly Level	Assembly Submission Date	WGS project accession
GCF_000196515.1	'Nostoc azollae' 0708		0708				NCBI Prokaryotic Genome Annotation Pipeline (PGAP)	5486145	Complete Genome	2010-06-14	
GCA_000196515.1	'Nostoc azollae' 0708		0708				Annotation submitted by US DOE Joint Genome Institute (JGI-PGF)	5486145	Complete Genome	2010-06-14	
GCA_024347835.1	Acaryochloris marina MBIC10699		MBIC10699				Annotation submitted by Nagoya University	7647728	Complete Genome	2022-07-08	
GCF_000018105.1	Acaryochloris marina MBIC11017		MBIC11017				NCBI Prokaryotic Genome Annotation Pipeline (PGAP)	8361599	Complete Genome	2007-10-16	
GCA_000018105.1	Acaryochloris marina MBIC11017		MBIC11017				Annotation submitted by Washington University	8361599	Complete Genome	2007-10-16	
GCF_018336915.1	Acaryochloris marina S15		S15				NCBI Prokaryotic Genome Annotation Pipeline (PGAP)	7112772	Complete Genome	2021-05-11	
GCA_018336915.1	Acaryochloris marina S15		S15				NCBI Prokaryotic Genome Annotation Pipeline (PGAP)	7112772	Complete Genome	2021-05-11	
GCF_021497025.1	Acaryochloris sp. 'Moss Beach'		Moss Beach				NCBI Prokaryotic Genome Annotation Pipeline (PGAP)	7254703	Complete Genome	2022-01-18	
GCA_021497025.1	Acaryochloris sp. 'Moss Beach'		Moss Beach				NCBI Prokaryotic Genome Annotation Pipeline (PGAP)	7254703	Complete Genome	2022-01-18	
GCF_000317515.1	Allocoleopsis franciscana PCC 7113		PCC 7113				NCBI Prokaryotic Genome Annotation Pipeline (PGAP)	7966510	Complete Genome	2012-12-06	
GCA_000317515.1	Allocoleopsis franciscana PCC 7113		PCC 7113				Annotation submitted by JGI	7966510	Complete Genome	2012-12-06	
GCF_000317695.1	Anabaena cylindrica PCC 7122		PCC 7122				NCBI Prokaryotic Genome Annotation Pipeline (PGAP)	7063285	Complete Genome	2012-12-07	
GCA_000317695.1	Anabaena cylindrica PCC 7122		PCC 7122				Annotation submitted by DOE Joint Genome Institute	7063285	Complete Genome	2012-12-07	
GCF_000312705.1	Anabaena sp. 90		90				NCBI Prokaryotic Genome Annotation Pipeline (PGAP)	5305675	Complete Genome	2012-11-13	
GCA_000312705.1	Anabaena sp. 90		90				Annotation submitted by University of Helsinki	5305675	Complete Genome	2012-11-13	
GCF_001277295.1	Anabaena sp. WA102		WA102				NCBI Prokaryotic Genome Annotation Pipeline (PGAP)	5782034	Complete Genome	2015-09-01	
GCA_001277295.1	Anabaena sp. WA102		WA102				NCBI Prokaryotic Genome Annotation Pipeline	5782034	Complete Genome	2015-09-01	
GCF_009498015.1	Anabaena sp. YBS01		YBS01				NCBI Prokaryotic Genome Annotation Pipeline (PGAP)	7013200	Complete Genome	2019-11-04	
GCA_009498015.1	Anabaena sp. YBS01		YBS01				NCBI Prokaryotic Genome Annotation Pipeline	7013200	Complete Genome	2019-11-04	
GCF_018389385.1	Anthocerotibacter panamensis C109		C109				NCBI Prokaryotic Genome Annotation Pipeline (PGAP)	4187797	Complete Genome	2021-05-17	
GCA_018389385.1	Anthocerotibacter panamensis C109		C109					4187797	Complete Genome	2021-05-17	
GCA_017346855.1	Aphanizomenon flos-aquae DEX188				DEX188		NCBI Prokaryotic Genome Annotation Pipeline (PGAP)	4538078	Complete Genome	2021-03-12	
GCA_017346875.1	Aphanizomenon flos-aquae KM1D3_PB				KM1D3_PB		NCBI Prokaryotic Genome Annotation Pipeline (PGAP)	6071322	Complete Genome	2021-03-12	
GCF_000734895.2	Calothrix sp. 336/3		336/3				NCBI Prokaryotic Genome Annotation Pipeline (PGAP)	6420126	Complete Genome	2015-05-06	
GCA_000734895.2	Calothrix sp. 336/3		336/3				NCBI Prokaryotic Genome Annotation Pipeline	6420126	Complete Genome	2015-05-06	
GCF_002368175.1	Calothrix sp. NIES-2098		NIES-2098				NCBI Prokaryotic Genome Annotation Pipeline	8878628	Complete Genome	2017-06-25	
GCA_002368175.1	Calothrix sp. NIES-2098		NIES-2098				Annotation submitted by Toyohashi University of Technology	8878628	Complete Genome	2017-06-25	
GCF_002368395.1	Calothrix sp. NIES-3974		NIES-3974				NCBI Prokaryotic Genome Annotation Pipeline (PGAP)	5985875	Complete Genome	2017-06-25	
GCA_002368395.1	Calothrix sp. NIES-3974		NIES-3974				Annotation submitted by Toyohashi University of Technology	5985875	Complete Genome	2017-06-25	
GCF_002368455.1	Calothrix sp. NIES-4071		NIES-4071				NCBI Prokaryotic Genome Annotation Pipeline	12049274	Complete Genome	2017-06-25	
GCA_002368455.1	Calothrix sp. NIES-4071		NIES-4071				Annotation submitted by Toyohashi University of Technology	12049274	Complete Genome	2017-06-25	
GCA_004296455.1	Calothrix sp. NIES-4101		NIES-4101				Annotation submitted by Toyohashi University of Technology	7586835	Complete Genome	2017-06-25	
GCF_000317435.1	Calothrix sp. PCC 6303		PCC 6303				NCBI Prokaryotic Genome Annotation Pipeline (PGAP)	6960392	Complete Genome	2012-12-06	
GCA_000317435.1	Calothrix sp. PCC 6303		PCC 6303				Annotation submitted by JGI	6960392	Complete Genome	2012-12-06	
GCF_000316575.1	Calothrix sp. PCC 7507		PCC 7507				NCBI Prokaryotic Genome Annotation Pipeline (PGAP)	7023215	Complete Genome	2012-12-04	
GCA_000316575.1	Calothrix sp. PCC 7507		PCC 7507				Annotation submitted by JGI	7023215	Complete Genome	2012-12-04	
GCF_019977735.1	Calothrix sp. PCC 7716		PCC 7716				NCBI Prokaryotic Genome Annotation Pipeline (PGAP)	12367066	Complete Genome	2021-08-20	
GCA_019977735.1	Calothrix sp. PCC 7716		PCC 7716				Annotation submitted by Applied Chemistry and Life Science, Toyohashi University of Technology	12367066	Complete Genome	2021-08-20	
GCF_000025125.1	Candidatus Atelocyanobacterium thalassa isolate ALOHA				ALOHA		NCBI Prokaryotic Genome Annotation Pipeline (PGAP)	1443806	Complete Genome	2010-01-28	
GCA_000025125.1	Candidatus Atelocyanobacterium thalassa isolate ALOHA				ALOHA		Annotation submitted by University of California at Santa Cruz	1443806	Complete Genome	2010-01-28	
GCF_002368355.1	Chondrocystis sp. NIES-4102		NIES-4102				NCBI Prokaryotic Genome Annotation Pipeline	5002520	Complete Genome	2017-06-25	
GCA_002368355.1	Chondrocystis sp. NIES-4102		NIES-4102				Annotation submitted by Toyohashi University of Technology	5002520	Complete Genome	2017-06-25	
GCF_023546805.1	Chroococcidiopsis sp. CCNUC1		CCNUC1				NCBI Prokaryotic Genome Annotation Pipeline (PGAP)	6955760	Complete Genome	2022-05-25	
GCA_023546805.1	Chroococcidiopsis sp. CCNUC1		CCNUC1				NCBI Prokaryotic Genome Annotation Pipeline (PGAP)	6955760	Complete Genome	2022-05-25	
GCF_000317125.1	Chroococcidiopsis thermalis PCC 7203		PCC 7203				NCBI Prokaryotic Genome Annotation Pipeline (PGAP)	6689401	Complete Genome	2012-12-05	
GCA_000317125.1	Chroococcidiopsis thermalis PCC 7203		PCC 7203				Annotation submitted by JGI	6689401	Complete Genome	2012-12-05	
GCF_000317495.1	Crinalium epipsammum PCC 9333		PCC 9333				NCBI Prokaryotic Genome Annotation Pipeline (PGAP)	5620407	Complete Genome	2012-12-06	
GCA_000317495.1	Crinalium epipsammum PCC 9333		PCC 9333				Annotation submitted by JGI	5620407	Complete Genome	2012-12-06	
GCF_000017845.1	Crocosphaera subtropica ATCC 51142		ATCC 51142				NCBI Prokaryotic Genome Annotation Pipeline (PGAP)	5460377	Complete Genome	2008-04-01	
GCA_000017845.1	Crocosphaera subtropica ATCC 51142		ATCC 51142				Annotation submitted by Washington University (WashU)	5460377	Complete Genome	2008-04-01	
GCF_000317675.1	Cyanobacterium aponinum PCC 10605		PCC 10605				NCBI Prokaryotic Genome Annotation Pipeline (PGAP)	4176973	Complete Genome	2012-12-07	
GCA_000317675.1	Cyanobacterium aponinum PCC 10605		PCC 10605				Annotation submitted by JGI	4176973	Complete Genome	2012-12-07	
GCA_002813895.1	Cyanobacterium sp. HL-69				HL-69		Annotation submitted by Pacific Northwest National Laboratroy	3296945	Complete Genome	2017-12-07	
GCF_000317655.1	Cyanobacterium stanieri PCC 7202		PCC 7202					3163381	Complete Genome	2012-12-07	
GCA_000317655.1	Cyanobacterium stanieri PCC 7202		PCC 7202				Annotation submitted by DOE Joint Genome Institute	3163381	Complete Genome	2012-12-07	
GCF_000316515.1	Cyanobium gracile PCC 6307		PCC 6307				NCBI Prokaryotic Genome Annotation Pipeline (PGAP)	3342364	Complete Genome	2012-12-04	
GCA_000316515.1	Cyanobium gracile PCC 6307		PCC 6307				Annotation submitted by JGI	3342364	Complete Genome	2012-12-04	
GCF_018399015.1	Cyanobium sp. M30B3				M30B3		NCBI Prokaryotic Genome Annotation Pipeline (PGAP)	3180296	Complete Genome	2021-05-19	
GCA_018399015.1	Cyanobium sp. M30B3				M30B3		NCBI Prokaryotic Genome Annotation Pipeline (PGAP)	3180296	Complete Genome	2021-05-19	
GCF_900088535.1	Cyanobium sp. NIES-981		NIES-981				NCBI Prokaryotic Genome Annotation Pipeline (PGAP)	3021545	Complete Genome	2016-06-02	
GCA_900088535.1	Cyanobium sp. NIES-981		NIES-981				Annotation submitted by National Institute for Environmental Studies	3021545	Complete Genome	2016-06-02	
GCF_014280235.1	Cyanobium sp. NS01		NS01				NCBI Prokaryotic Genome Annotation Pipeline (PGAP)	2748087	Complete Genome	2020-08-24	
GCA_014280235.1	Cyanobium sp. NS01		NS01				Annotation submitted by Station Biologique de Roscoff (CNRS - Sorbonne University)	2748087	Complete Genome	2020-08-24	
GCF_014489415.1	Cylindrospermopsis curvispora GIHE-G1		GIHE-G1				NCBI Prokaryotic Genome Annotation Pipeline (PGAP)	4057210	Complete Genome	2020-09-06	
GCA_014489415.1	Cylindrospermopsis curvispora GIHE-G1		GIHE-G1				NCBI Prokaryotic Genome Annotation Pipeline (PGAP)	4057210	Complete Genome	2020-09-06	
GCF_003367075.2	Cylindrospermopsis raciborskii Cr2010		Cr2010				NCBI Prokaryotic Genome Annotation Pipeline (PGAP)	3757845	Complete Genome	2022-01-24	
GCA_003367075.2	Cylindrospermopsis raciborskii Cr2010		Cr2010				NCBI Prokaryotic Genome Annotation Pipeline (PGAP)	3757845	Complete Genome	2022-01-24	
GCF_021650815.1	Cylindrospermopsis raciborskii KLL07		KLL07				NCBI Prokaryotic Genome Annotation Pipeline (PGAP)	3808183	Complete Genome	2022-01-27	
GCA_021650815.1	Cylindrospermopsis raciborskii KLL07		KLL07				NCBI Prokaryotic Genome Annotation Pipeline (PGAP)	3808183	Complete Genome	2022-01-27	
GCF_018139025.1	Cylindrospermopsis raciborskii N8		N8				NCBI Prokaryotic Genome Annotation Pipeline (PGAP)	3857174	Complete Genome	2021-04-25	
GCA_018139025.1	Cylindrospermopsis raciborskii N8		N8					3857174	Complete Genome	2021-04-25	
GCF_000317615.1	Dactylococcopsis salina PCC 8305		PCC 8305				NCBI Prokaryotic Genome Annotation Pipeline (PGAP)	3781008	Complete Genome	2012-12-07	
GCA_000317615.1	Dactylococcopsis salina PCC 8305		PCC 8305				Annotation submitted by JGI	3781008	Complete Genome	2012-12-07	
GCF_012516395.1	Dolichospermum flos-aquae CCAP 1403/13F		CCAP 1403/13f				NCBI Prokaryotic Genome Annotation Pipeline (PGAP)	5220684	Complete Genome	2020-04-19	
GCA_012516395.1	Dolichospermum flos-aquae CCAP 1403/13F		CCAP 1403/13f				NCBI Prokaryotic Genome Annotation Pipeline (PGAP)	5220684	Complete Genome	2020-04-19	
GCF_024584745.1	Dolichospermum heterosporum TAC447		NIES-1697				NCBI Prokaryotic Genome Annotation Pipeline (PGAP)	5833376	Complete Genome	2022-08-08	
GCA_024584745.1	Dolichospermum heterosporum TAC447		NIES-1697				NCBI Prokaryotic Genome Annotation Pipeline (PGAP)	5833376	Complete Genome	2022-08-08	
GCA_017355425.1	Dolichospermum sp. DET69				DET69		NCBI Prokaryotic Genome Annotation Pipeline (PGAP)	6040057	Complete Genome	2021-03-15	
GCA_017346835.1	Dolichospermum sp. DL01				DL01		NCBI Prokaryotic Genome Annotation Pipeline (PGAP)	4827232	Complete Genome	2021-03-12	
GCA_017346815.1	Dolichospermum sp. LBC05a				LBC05a		NCBI Prokaryotic Genome Annotation Pipeline (PGAP)	5178591	Complete Genome	2021-03-12	
GCF_008121535.1	Dolichospermum sp. UHCC 0315A		UHCC 0315A				NCBI Prokaryotic Genome Annotation Pipeline (PGAP)	5642022	Complete Genome	2019-08-28	
GCA_008121535.1	Dolichospermum sp. UHCC 0315A		UHCC 0315A				Annotation submitted by Universtiy of Helsinki	5642022	Complete Genome	2019-08-28	
GCA_017346795.1	Dolichospermum sp. UKL201				UKL201		NCBI Prokaryotic Genome Annotation Pipeline (PGAP)	5294355	Complete Genome	2021-03-12	
GCF_007904085.1	Euhalothece natronophila Z-M001		Z-M001				NCBI Prokaryotic Genome Annotation Pipeline (PGAP)	3524308	Complete Genome	2019-08-08	
GCA_007904085.1	Euhalothece natronophila Z-M001		Z-M001				NCBI Prokaryotic Genome Annotation Pipeline (PGAP)	3524308	Complete Genome	2019-08-08	
GCF_001548455.1	Fischerella sp. NIES-3754		NIES-3754				NCBI Prokaryotic Genome Annotation Pipeline (PGAP)	5826863	Complete Genome	2015-12-17	
GCA_001548455.1	Fischerella sp. NIES-3754		NIES-3754				Annotation submitted by Toyohashi University of Technology	5826863	Complete Genome	2015-12-17	
GCF_000317045.1	Geitlerinema sp. PCC 7407		PCC 7407				NCBI Prokaryotic Genome Annotation Pipeline (PGAP)	4681111	Complete Genome	2012-12-05	
GCA_000317045.1	Geitlerinema sp. PCC 7407		PCC 7407				Annotation submitted by JGI	4681111	Complete Genome	2012-12-05	
GCF_001548095.1	Geminocystis sp. NIES-3708		NIES-3708				NCBI Prokaryotic Genome Annotation Pipeline (PGAP)	4042078	Complete Genome	2015-03-18	
GCA_001548095.1	Geminocystis sp. NIES-3708		NIES-3708				Annotation submitted by Toyohashi University of Technology	4042078	Complete Genome	2015-03-18	
GCF_001548115.1	Geminocystis sp. NIES-3709		NIES-3709				NCBI Prokaryotic Genome Annotation Pipeline (PGAP)	4426059	Complete Genome	2015-03-18	
GCA_001548115.1	Geminocystis sp. NIES-3709		NIES-3709				Annotation submitted by Toyohashi University of Technology	4426059	Complete Genome	2015-03-18	
GCF_000484535.1	Gloeobacter kilaueensis JS1		JS1				NCBI Prokaryotic Genome Annotation Pipeline (PGAP)	4724791	Complete Genome	2013-10-28	
GCA_000484535.1	Gloeobacter kilaueensis JS1		JS1				Annotation submitted by University of Hawaii at Manoa	4724791	Complete Genome	2013-10-28	
GCF_021018745.1	Gloeobacter morelensis MG652769				MG652769		NCBI Prokaryotic Genome Annotation Pipeline (PGAP)	5102396	Complete Genome	2021-12-01	
GCA_021018745.1	Gloeobacter morelensis MG652769				MG652769		NCBI Prokaryotic Genome Annotation Pipeline (PGAP)	5102396	Complete Genome	2021-12-01	
GCF_000011385.1	Gloeobacter violaceus PCC 7421		PCC 7421				NCBI Prokaryotic Genome Annotation Pipeline (PGAP)	4659019	Complete Genome	2003-10-03	
GCA_000011385.1	Gloeobacter violaceus PCC 7421		PCC 7421				Annotation submitted by Kazusa	4659019	Complete Genome	2003-10-03	
GCF_000317555.1	Gloeocapsa sp. PCC 7428		PCC 7428				NCBI Prokaryotic Genome Annotation Pipeline (PGAP)	5882710	Complete Genome	2012-12-06	
GCA_000317555.1	Gloeocapsa sp. PCC 7428		PCC 7428				Annotation submitted by JGI	5882710	Complete Genome	2012-12-06	
GCF_000021825.1	Gloeothece citriformis PCC 7424		PCC 7424				NCBI Prokaryotic Genome Annotation Pipeline (PGAP)	6554169	Complete Genome	2008-12-17	
GCA_000021825.1	Gloeothece citriformis PCC 7424		PCC 7424				Annotation submitted by US DOE Joint Genome Institute (JGI-PGF)	6554169	Complete Genome	2008-12-17	
GCF_000147335.1	Gloeothece verrucosa PCC 7822		PCC 7822				NCBI Prokaryotic Genome Annotation Pipeline (PGAP)	7841948	Complete Genome	2010-09-15	
GCA_000147335.1	Gloeothece verrucosa PCC 7822		PCC 7822				Annotation submitted by US DOE Joint Genome Institute (JGI-PGF)	7841948	Complete Genome	2010-09-15	
GCF_002075285.3	Halomicronema hongdechloris C2206		C2206				NCBI Prokaryotic Genome Annotation Pipeline (PGAP)	5577845	Complete Genome	2019-01-25	
GCA_002075285.3	Halomicronema hongdechloris C2206		C2206				Annotation submitted by Prokka	5577845	Complete Genome	2019-01-25	
GCF_000317635.1	Halothece sp. PCC 7418		PCC 7418				NCBI Prokaryotic Genome Annotation Pipeline (PGAP)	4179170	Complete Genome	2012-12-07	
GCA_000317635.1	Halothece sp. PCC 7418		PCC 7418				Annotation submitted by DOE Joint Genome Institute	4179170	Complete Genome	2012-12-07	
GCF_020091585.1	Kovacikia minuta CCNUW1		CCNU0001				NCBI Prokaryotic Genome Annotation Pipeline (PGAP)	8564336	Complete Genome	2021-09-22	
GCA_020091585.1	Kovacikia minuta CCNUW1		CCNU0001				NCBI Prokaryotic Genome Annotation Pipeline (PGAP)	8564336	Complete Genome	2021-09-22	
GCF_021379005.1	Leptodesmis sichuanensis PKUAC-SCTA121		PKUAC-SCTA121				NCBI Prokaryotic Genome Annotation Pipeline (PGAP)	5348817	Complete Genome	2022-01-06	
GCA_021379005.1	Leptodesmis sichuanensis PKUAC-SCTA121		PKUAC-SCTA121				NCBI Prokaryotic Genome Annotation Pipeline (PGAP)	5348817	Complete Genome	2022-01-06	
GCF_002142475.1	Leptolyngbya boryana IAM M-101		IAM M-101				NCBI Prokaryotic Genome Annotation Pipeline (PGAP)	6803468	Complete Genome	2015-02-14	
GCA_002142475.1	Leptolyngbya boryana IAM M-101		IAM M-101				Annotation submitted by Graduate School of Bioagricultural Sciences, Nagoya University	6803468	Complete Genome	2015-02-14	
GCF_022372495.1	Leptolyngbya boryana IU 594		IU 594				NCBI Prokaryotic Genome Annotation Pipeline (PGAP)	7227162	Complete Genome	2022-02-23	
GCA_022372495.1	Leptolyngbya boryana IU 594		IU 594				NCBI Prokaryotic Genome Annotation Pipeline (PGAP)	7227162	Complete Genome	2022-02-23	
GCF_002368255.1	Leptolyngbya boryana NIES-2135		NIES-2135				NCBI Prokaryotic Genome Annotation Pipeline	7233668	Complete Genome	2017-06-25	
GCA_002368255.1	Leptolyngbya boryana NIES-2135		NIES-2135				Annotation submitted by Toyohashi University of Technology	7233668	Complete Genome	2017-06-25	
GCF_002142495.1	Leptolyngbya boryana dg5		dg5				NCBI Prokaryotic Genome Annotation Pipeline (PGAP)	6803469	Complete Genome	2015-02-14	
GCA_002142495.1	Leptolyngbya boryana dg5		dg5				Annotation submitted by Graduate School of Bioagricultural Sciences, Nagoya University	6803469	Complete Genome	2015-02-14	
GCF_016403105.1	Leptolyngbya sp. BL0902		BL0902				NCBI Prokaryotic Genome Annotation Pipeline (PGAP)	4710209	Complete Genome	2020-12-26	
GCA_016403105.1	Leptolyngbya sp. BL0902		BL0902				Annotation submitted by Chinese Academy of Sciences	4710209	Complete Genome	2020-12-26	
GCF_001548435.1	Leptolyngbya sp. NIES-3755		NIES-3755				NCBI Prokaryotic Genome Annotation Pipeline	6761657	Complete Genome	2015-12-17	
GCA_001548435.1	Leptolyngbya sp. NIES-3755		NIES-3755				Annotation submitted by Toyohashi University of Technology	6761657	Complete Genome	2015-12-17	
GCF_000316605.1	Leptolyngbya sp. PCC 7376						NCBI Prokaryotic Genome Annotation Pipeline (PGAP)	5125950	Complete Genome	2012-12-04	
GCA_000316605.1	Leptolyngbya sp. PCC 7376						Annotation submitted by DOE Joint Genome Institute	5125950	Complete Genome	2012-12-04	
GCF_019891175.1	Leptothermofonsia sichuanensis PKUAC-SCTE412		PKUAC-SCTE412				NCBI Prokaryotic Genome Annotation Pipeline (PGAP)	6426061	Complete Genome	2021-09-07	
GCA_019891175.1	Leptothermofonsia sichuanensis PKUAC-SCTE412		PKUAC-SCTE412				NCBI Prokaryotic Genome Annotation Pipeline (PGAP)	6426061	Complete Genome	2021-09-07	
GCF_022701255.1	Microcoleus vaginatus HSN003		HSN003				NCBI Prokaryotic Genome Annotation Pipeline (PGAP)	6756317	Complete Genome	2022-03-28	
GCA_022701255.1	Microcoleus vaginatus HSN003		HSN003				NCBI Prokaryotic Genome Annotation Pipeline	6756317	Complete Genome	2022-03-28	
GCF_022701275.1	Microcoleus vaginatus PCC 9802		PCC 9802				NCBI Prokaryotic Genome Annotation Pipeline (PGAP)	6698371	Complete Genome	2022-03-28	
GCA_022701275.1	Microcoleus vaginatus PCC 9802		PCC 9802				NCBI Prokaryotic Genome Annotation Pipeline	6698371	Complete Genome	2022-03-28	
GCF_019704275.1	Microcystis aeruginosa		NIES-88				NCBI Prokaryotic Genome Annotation Pipeline (PGAP)	5501105	Complete Genome	2021-05-18	
GCA_019704275.1	Microcystis aeruginosa		NIES-88				Annotation submitted by Hokkaido University	5501105	Complete Genome	2021-05-18	
GCF_021172085.1	Microcystis aeruginosa FACHB-905 = DIANCHI905		DIANCHI905				NCBI Prokaryotic Genome Annotation Pipeline (PGAP)	5103104	Complete Genome	2021-12-13	
GCA_021172085.1	Microcystis aeruginosa FACHB-905 = DIANCHI905		DIANCHI905				NCBI Prokaryotic Genome Annotation Pipeline (PGAP)	5103104	Complete Genome	2021-12-13	
GCF_009792235.1	Microcystis aeruginosa FD4		FD4				NCBI Prokaryotic Genome Annotation Pipeline (PGAP)	5493112	Complete Genome	2019-12-23	
GCA_009792235.1	Microcystis aeruginosa FD4		FD4				NCBI Prokaryotic Genome Annotation Pipeline (PGAP)	5493112	Complete Genome	2019-12-23	
GCF_001704955.2	Microcystis aeruginosa NIES-2481		NIES-2481				NCBI Prokaryotic Genome Annotation Pipeline (PGAP)	4440545	Complete Genome	2018-01-22	
GCA_001704955.2	Microcystis aeruginosa NIES-2481		NIES-2481				NCBI Prokaryotic Genome Annotation Pipeline	4440545	Complete Genome	2018-01-22	
GCF_000981785.2	Microcystis aeruginosa NIES-2549		NIES-2549				NCBI Prokaryotic Genome Annotation Pipeline (PGAP)	4301200	Complete Genome	2018-01-30	
GCA_000981785.2	Microcystis aeruginosa NIES-2549		NIES-2549				NCBI Prokaryotic Genome Annotation Pipeline	4301200	Complete Genome	2018-01-30	
GCF_010196425.1	Microcystis aeruginosa NIES-298		NIES-298				NCBI Prokaryotic Genome Annotation Pipeline (PGAP)	5015081	Complete Genome	2020-02-05	
GCA_010196425.1	Microcystis aeruginosa NIES-298		NIES-298				NCBI Prokaryotic Genome Annotation Pipeline (PGAP)	5015081	Complete Genome	2020-02-05	
GCF_000010625.1	Microcystis aeruginosa NIES-843		NIES-843				NCBI Prokaryotic Genome Annotation Pipeline (PGAP)	5842795	Complete Genome	2008-01-24	
GCA_000010625.1	Microcystis aeruginosa NIES-843		NIES-843				Annotation submitted by Kazusa DNA Research Institute	5842795	Complete Genome	2008-01-24	
GCF_002095975.1	Microcystis aeruginosa PCC 7806SL		PCC 7806SL				NCBI Prokaryotic Genome Annotation Pipeline (PGAP)	5139339	Complete Genome	2017-04-18	
GCA_002095975.1	Microcystis aeruginosa PCC 7806SL		PCC 7806SL				Annotation submitted by Institute of Hydrobiology, Chinese Academy of Sciences	5139339	Complete Genome	2017-04-18	
GCF_001264245.1	Microcystis panniformis FACHB-1757		FACHB-1757				NCBI Prokaryotic Genome Annotation Pipeline (PGAP)	5686839	Complete Genome	2015-08-11	
GCA_001264245.1	Microcystis panniformis FACHB-1757		FACHB-1757				Annotation submitted by Wuxi Environmental Monitoring Centre & Southeast University	5686839	Complete Genome	2015-08-11	
GCF_003019735.1	Microcystis sp. MC19		MC19				NCBI Prokaryotic Genome Annotation Pipeline (PGAP)	5020243	Complete Genome	2018-03-27	
GCA_003019735.1	Microcystis sp. MC19		MC19				NCBI Prokaryotic Genome Annotation Pipeline	5020243	Complete Genome	2018-03-27	
GCF_003945305.1	Microcystis viridis NIES-102		NIES-102				NCBI Prokaryotic Genome Annotation Pipeline (PGAP)	5874197	Complete Genome	2018-11-22	
GCA_003945305.1	Microcystis viridis NIES-102		NIES-102				Annotation submitted by National Institute for Environmental Studies	5874197	Complete Genome	2018-11-22	
GCF_001767235.1	Moorena producens PAL-8-15-08-1		PAL-8-15-08-1				NCBI Prokaryotic Genome Annotation Pipeline (PGAP)	9708656	Complete Genome	2016-10-18	
GCA_001767235.1	Moorena producens PAL-8-15-08-1		PAL-8-15-08-1				NCBI Prokaryotic Genome Annotation Pipeline	9708656	Complete Genome	2016-10-18	
GCF_022376295.1	Nodularia sphaerocarpa UHCC 0038		UHCC 0038				NCBI Prokaryotic Genome Annotation Pipeline (PGAP)	5451672	Complete Genome	2022-02-23	
GCA_022376295.1	Nodularia sphaerocarpa UHCC 0038		UHCC 0038				Annotation submitted by University of Helsinki	5451672	Complete Genome	2022-02-23	
GCF_003054475.1	Nodularia spumigena UHCC 0039		UHCC 0039				NCBI Prokaryotic Genome Annotation Pipeline (PGAP)	5386612	Complete Genome	2018-04-17	
GCA_003054475.1	Nodularia spumigena UHCC 0039		UHCC 0039				Annotation submitted by Universtiy of Helsinki	5386612	Complete Genome	2018-04-17	
GCF_023734775.1	Nostoc cf. commune SO-36		SO-36				NCBI Prokaryotic Genome Annotation Pipeline (PGAP)	7408262	Complete Genome	2022-05-11	
GCA_023734775.1	Nostoc cf. commune SO-36		SO-36				Annotation submitted by Functional Genomics Section, Instrumental Research Support Office, Research Institute of Green Science and Technology, Shizuoka University	7408262	Complete Genome	2022-05-11	
GCF_014023275.1	Nostoc edaphicum CCNP1411		CCNP1411				NCBI Prokaryotic Genome Annotation Pipeline (PGAP)	8316316	Complete Genome	2020-07-31	
GCA_014023275.1	Nostoc edaphicum CCNP1411		CCNP1411				NCBI Prokaryotic Genome Annotation Pipeline (PGAP)	8316316	Complete Genome	2020-07-31	
GCF_002813575.1	Nostoc flagelliforme CCNUN1		CCNUN1				NCBI Prokaryotic Genome Annotation Pipeline (PGAP)	10231233	Complete Genome	2017-12-07	
GCA_002813575.1	Nostoc flagelliforme CCNUN1		CCNUN1				Annotation submitted by Central China Normal University	10231233	Complete Genome	2017-12-07	
GCF_000020025.1	Nostoc punctiforme PCC 73102		ATCC 29133; PCC 73102				NCBI Prokaryotic Genome Annotation Pipeline (PGAP)	9059191	Complete Genome	2008-04-24	
GCA_000020025.1	Nostoc punctiforme PCC 73102		ATCC 29133; PCC 73102				Annotation submitted by US DOE Joint Genome Institute	9059191	Complete Genome	2008-04-24	
GCF_002949795.1	Nostoc sp. 'Lobaria pulmonaria (5183) cyanobiont'		5183				NCBI Prokaryotic Genome Annotation Pipeline (PGAP)	7339908	Complete Genome	2018-02-26	
GCA_002949795.1	Nostoc sp. 'Lobaria pulmonaria (5183) cyanobiont'		5183				Annotation submitted by University of Iceland	7339908	Complete Genome	2018-02-26	
GCF_002949735.1	Nostoc sp. 'Peltigera membranacea cyanobiont' N6		N6				NCBI Prokaryotic Genome Annotation Pipeline (PGAP)	8898590	Complete Genome	2018-02-26	
GCA_002949735.1	Nostoc sp. 'Peltigera membranacea cyanobiont' N6		N6				Annotation submitted by University of Iceland	8898590	Complete Genome	2018-02-26	
GCF_009873495.1	Nostoc sp. ATCC 53789		ATCC 53789				NCBI Prokaryotic Genome Annotation Pipeline (PGAP)	8653730	Complete Genome	2020-01-14	
GCA_009873495.1	Nostoc sp. ATCC 53789		ATCC 53789				NCBI Prokaryotic Genome Annotation Pipeline (PGAP)	8653730	Complete Genome	2020-01-14	
GCF_013393905.1	Nostoc sp. C052		C052				NCBI Prokaryotic Genome Annotation Pipeline (PGAP)	9879831	Complete Genome	2020-07-08	
GCA_013393905.1	Nostoc sp. C052		C052				NCBI Prokaryotic Genome Annotation Pipeline (PGAP)	9879831	Complete Genome	2020-07-08	
GCF_013393925.1	Nostoc sp. C057		C057				NCBI Prokaryotic Genome Annotation Pipeline (PGAP)	9234448	Complete Genome	2020-07-08	
GCA_013393925.1	Nostoc sp. C057		C057				NCBI Prokaryotic Genome Annotation Pipeline (PGAP)	9234448	Complete Genome	2020-07-08	
GCF_002896875.1	Nostoc sp. CENA543		CENA543				NCBI Prokaryotic Genome Annotation Pipeline (PGAP)	7207640	Complete Genome	2018-01-24	
GCA_002896875.1	Nostoc sp. CENA543		CENA543				NCBI Prokaryotic Genome Annotation Pipeline	7207640	Complete Genome	2018-01-24	
GCA_003990705.1	Nostoc sp. HK-01		NIES-2109				Annotation submitted by Toyohashi University of Technology	7527697	Complete Genome	2018-04-04	
GCF_019976755.1	Nostoc sp. MS1		MS1				NCBI Prokaryotic Genome Annotation Pipeline (PGAP)	7901148	Complete Genome	2021-09-10	
GCA_019976755.1	Nostoc sp. MS1		MS1				Annotation submitted by Tokyo Universtiy of Agriculture and Technology	7901148	Complete Genome	2021-09-10	
GCF_001548375.1	Nostoc sp. NIES-3756		NIES-3756				NCBI Prokaryotic Genome Annotation Pipeline (PGAP)	6987571	Complete Genome	2015-11-18	
GCA_001548375.1	Nostoc sp. NIES-3756		NIES-3756				Annotation submitted by Toyohashi University of Technology	6987571	Complete Genome	2015-11-18	
GCF_000316625.1	Nostoc sp. PCC 7107		PCC 7107				NCBI Prokaryotic Genome Annotation Pipeline (PGAP)	6329823	Complete Genome	2012-12-04	
GCA_000316625.1	Nostoc sp. PCC 7107		PCC 7107				Annotation submitted by JGI	6329823	Complete Genome	2012-12-04	
GCF_000009705.1	Nostoc sp. PCC 7120 = FACHB-418		PCC 7120				NCBI Prokaryotic Genome Annotation Pipeline (PGAP)	7211789	Complete Genome	2004-05-11	
GCA_000009705.1	Nostoc sp. PCC 7120 = FACHB-418		PCC 7120				Annotation submitted by Kazusa	7211789	Complete Genome	2004-05-11	
GCF_000316645.1	Nostoc sp. PCC 7524		PCC 7524				NCBI Prokaryotic Genome Annotation Pipeline (PGAP)	6718869	Complete Genome	2012-12-04	
GCA_000316645.1	Nostoc sp. PCC 7524		PCC 7524				Annotation submitted by JGI	6718869	Complete Genome	2012-12-04	
GCF_013343235.1	Nostoc sp. TCL240-02				TCL240-02		NCBI Prokaryotic Genome Annotation Pipeline (PGAP)	7887247	Complete Genome	2020-06-15	
GCA_013343235.1	Nostoc sp. TCL240-02				TCL240-02		NCBI Prokaryotic Genome Annotation Pipeline (PGAP)	7887247	Complete Genome	2020-06-15	
GCF_013393945.1	Nostoc sp. TCL26-01		TCL26-01				NCBI Prokaryotic Genome Annotation Pipeline (PGAP)	7387676	Complete Genome	2020-07-08	
GCA_013393945.1	Nostoc sp. TCL26-01		TCL26-01				NCBI Prokaryotic Genome Annotation Pipeline (PGAP)	7387676	Complete Genome	2020-07-08	
GCF_017164015.1	Nostoc sp. UHCC 0702		UHCC 0702				NCBI Prokaryotic Genome Annotation Pipeline (PGAP)	8587404	Complete Genome	2021-03-04	
GCA_017164015.1	Nostoc sp. UHCC 0702		UHCC 0702				NCBI Prokaryotic Genome Annotation Pipeline (PGAP)	8587404	Complete Genome	2021-03-04	
GCF_022063185.1	Nostoc sp. UHCC 0870		UHCC 0870				NCBI Prokaryotic Genome Annotation Pipeline (PGAP)	7172241	Complete Genome	2022-02-08	
GCA_022063185.1	Nostoc sp. UHCC 0870		UHCC 0870				NCBI Prokaryotic Genome Annotation Pipeline (PGAP)	7172241	Complete Genome	2022-02-08	
GCF_003443655.1	Nostoc sphaeroides		Kutzing En				NCBI Prokaryotic Genome Annotation Pipeline (PGAP)	6684490	Complete Genome	2018-09-04	
GCA_003443655.1	Nostoc sphaeroides		Kutzing En					6684490	Complete Genome	2018-09-04	
GCF_009372195.1	Nostoc sphaeroides CCNUC1				CCNUC1		NCBI Prokaryotic Genome Annotation Pipeline (PGAP)	9516388	Complete Genome	2019-10-28	
GCA_009372195.1	Nostoc sphaeroides CCNUC1				CCNUC1		Annotation submitted by Central China Normal University	9516388	Complete Genome	2019-10-28	
GCF_002163975.1	Nostocales cyanobacterium HT-58-2		HT-58-2				NCBI Prokaryotic Genome Annotation Pipeline (PGAP)	7899568	Complete Genome	2017-06-02	
GCA_002163975.1	Nostocales cyanobacterium HT-58-2		HT-58-2				NCBI Prokaryotic Genome Annotation Pipeline	7899568	Complete Genome	2017-06-02	
GCF_000317105.1	Oscillatoria acuminata PCC 6304		PCC 6304				NCBI Prokaryotic Genome Annotation Pipeline (PGAP)	7804270	Complete Genome	2012-12-05	
GCA_000317105.1	Oscillatoria acuminata PCC 6304		PCC 6304				Annotation submitted by JGI	7804270	Complete Genome	2012-12-05	
GCF_000317475.1	Oscillatoria nigro-viridis PCC 7112		PCC 7112				NCBI Prokaryotic Genome Annotation Pipeline (PGAP)	8272254	Complete Genome	2012-12-06	
GCA_000317475.1	Oscillatoria nigro-viridis PCC 7112		PCC 7112				Annotation submitted by JGI	8272254	Complete Genome	2012-12-06	
GCF_012295525.1	Oxynema aestuarii AP17		AP17				NCBI Prokaryotic Genome Annotation Pipeline (PGAP)	6357750	Complete Genome	2020-04-15	
GCA_012295525.1	Oxynema aestuarii AP17		AP17				NCBI Prokaryotic Genome Annotation Pipeline (PGAP)	6357750	Complete Genome	2020-04-15	
GCF_000195975.1	Parasynechococcus marenigrum WH 8102		WH 8102				NCBI Prokaryotic Genome Annotation Pipeline (PGAP)	2434428	Complete Genome	2003-08-18	
GCA_000195975.1	Parasynechococcus marenigrum WH 8102		WH 8102				Annotation submitted by DOE Joint Genome Institute	2434428	Complete Genome	2003-08-18	
GCA_020386575.1	Phormidium sp. PBR-2020				PBR-2020		NCBI Prokaryotic Genome Annotation Pipeline (PGAP)	5000054	Complete Genome	2021-10-08	
GCF_023983615.1	Phormidium yuhuli AB48		AB48				NCBI Prokaryotic Genome Annotation Pipeline (PGAP)	4799068	Complete Genome	2022-06-28	
GCA_023983615.1	Phormidium yuhuli AB48		AB48				NCBI Prokaryotic Genome Annotation Pipeline (PGAP)	4799068	Complete Genome	2022-06-28	
GCF_904830765.1	Planktothrix agardhii		NIVA-CYA126/8				NCBI Prokaryotic Genome Annotation Pipeline (PGAP)	5099909	Complete Genome	2022-06-30	
GCF_904830775.1	Planktothrix agardhii		No.2A				NCBI Prokaryotic Genome Annotation Pipeline (PGAP)	4794075	Complete Genome	2022-06-30	
GCF_904830845.1	Planktothrix agardhii		No.365				NCBI Prokaryotic Genome Annotation Pipeline (PGAP)	4974996	Complete Genome	2022-06-30	
GCF_904830855.1	Planktothrix agardhii		No.66				NCBI Prokaryotic Genome Annotation Pipeline (PGAP)	4947677	Complete Genome	2022-06-30	
GCF_904830915.1	Planktothrix agardhii		PCC7805				NCBI Prokaryotic Genome Annotation Pipeline (PGAP)	4903948	Complete Genome	2022-06-30	
GCF_904830935.1	Planktothrix agardhii		No.976				NCBI Prokaryotic Genome Annotation Pipeline (PGAP)	4904228	Complete Genome	2022-06-30	
GCA_904830765.1	Planktothrix agardhii		NIVA-CYA126/8				Annotation submitted by Justus Liebig Universitat	5099909	Complete Genome	2022-06-30	
GCA_904830775.1	Planktothrix agardhii		No.2A				Annotation submitted by Justus Liebig Universitat	4794075	Complete Genome	2022-06-30	
GCA_904830845.1	Planktothrix agardhii		No.365				Annotation submitted by Justus Liebig Universitat	4974996	Complete Genome	2022-06-30	
GCA_904830855.1	Planktothrix agardhii		No.66				Annotation submitted by Justus Liebig Universitat	4947677	Complete Genome	2022-06-30	
GCA_904830915.1	Planktothrix agardhii		PCC7805				Annotation submitted by Justus Liebig Universitat	4903948	Complete Genome	2022-06-30	
GCA_904830935.1	Planktothrix agardhii		No.976				Annotation submitted by Justus Liebig Universitat	4904228	Complete Genome	2022-06-30	
GCA_003609755.1	Planktothrix agardhii NIES-204		NIES-204				Annotation submitted by National Institute for Environmental Studies	5084134	Complete Genome	2018-04-04	
GCF_904830925.1	Planktothrix pseudagardhii		No.713				NCBI Prokaryotic Genome Annotation Pipeline (PGAP)	6654737	Complete Genome	2022-06-30	
GCA_904830925.1	Planktothrix pseudagardhii		No.713				Annotation submitted by Justus Liebig Universitat	6654737	Complete Genome	2022-06-30	
GCA_904830895.1	Planktothrix rubescens NIVA-CYA 18		PCC 7821				Annotation submitted by Justus Liebig Universitat	5698378	Complete Genome	2022-06-30	
GCF_000317025.1	Pleurocapsa sp. PCC 7327		PCC 7327				NCBI Prokaryotic Genome Annotation Pipeline (PGAP)	4986817	Complete Genome	2012-12-05	
GCA_000317025.1	Pleurocapsa sp. PCC 7327		PCC 7327				Annotation submitted by JGI	4986817	Complete Genome	2012-12-05	
GCF_000015645.1	Prochlorococcus marinus str. AS9601		AS9601				NCBI Prokaryotic Genome Annotation Pipeline (PGAP)	1669886	Complete Genome	2007-01-19	
GCA_000015645.1	Prochlorococcus marinus str. AS9601		AS9601				Annotation submitted by The Gordon and Betty Moore Foundation Marine Microbiology Initiative	1669886	Complete Genome	2007-01-19	
GCF_000018065.1	Prochlorococcus marinus str. MIT 9215		MIT 9215				NCBI Prokaryotic Genome Annotation Pipeline (PGAP)	1738790	Complete Genome	2007-09-20	
GCA_000018065.1	Prochlorococcus marinus str. MIT 9215		MIT 9215				Annotation submitted by US DOE Joint Genome Institute	1738790	Complete Genome	2007-09-20	
GCF_000015965.1	Prochlorococcus marinus str. MIT 9301		MIT 9301				NCBI Prokaryotic Genome Annotation Pipeline (PGAP)	1641879	Complete Genome	2007-03-05	
GCA_000015965.1	Prochlorococcus marinus str. MIT 9301		MIT 9301				Annotation submitted by Gordon and Betty Moore Foundation Marine Microbiology Initiative	1641879	Complete Genome	2007-03-05	
GCF_000015705.1	Prochlorococcus marinus str. MIT 9303		MIT 9303				NCBI Prokaryotic Genome Annotation Pipeline (PGAP)	2682675	Complete Genome	2007-01-22	
GCA_000015705.1	Prochlorococcus marinus str. MIT 9303		MIT 9303				Annotation submitted by The Gordon and Betty Moore Foundation Marine Microbiology Initiative	2682675	Complete Genome	2007-01-22	
GCF_000012645.1	Prochlorococcus marinus str. MIT 9312		MIT 9312				NCBI Prokaryotic Genome Annotation Pipeline (PGAP)	1709204	Complete Genome	2005-11-02	
GCA_000012645.1	Prochlorococcus marinus str. MIT 9312		MIT 9312				Annotation submitted by DOE Joint Genome Institute	1709204	Complete Genome	2005-11-02	
GCF_000011485.1	Prochlorococcus marinus str. MIT 9313		MIT9313				NCBI Prokaryotic Genome Annotation Pipeline (PGAP)	2410873	Complete Genome	2003-08-18	
GCA_000011485.1	Prochlorococcus marinus str. MIT 9313		MIT9313				Annotation submitted by DOE Joint Genome Institute	2410873	Complete Genome	2003-08-18	
GCF_000015665.1	Prochlorococcus marinus str. MIT 9515		MIT 9515				NCBI Prokaryotic Genome Annotation Pipeline (PGAP)	1704176	Complete Genome	2007-01-19	
GCA_000015665.1	Prochlorococcus marinus str. MIT 9515		MIT 9515				Annotation submitted by The Gordon and Betty Moore Foundation Marine Microbiology Initiative	1704176	Complete Genome	2007-01-19	
GCF_000015685.1	Prochlorococcus marinus str. NATL1A		NATL1A				NCBI Prokaryotic Genome Annotation Pipeline (PGAP)	1864731	Complete Genome	2007-01-22	
GCA_000015685.1	Prochlorococcus marinus str. NATL1A		NATL1A				Annotation submitted by Gordon and Betty Moore Foundation Marine Microbiology Initiative	1864731	Complete Genome	2007-01-22	
GCF_000012465.1	Prochlorococcus marinus str. NATL2A		NATL2A				NCBI Prokaryotic Genome Annotation Pipeline (PGAP)	1842899	Complete Genome	2007-08-09	
GCA_000012465.1	Prochlorococcus marinus str. NATL2A		NATL2A				Annotation submitted by DOE Joint Genome Institute	1842899	Complete Genome	2007-08-09	
GCF_000007925.1	Prochlorococcus marinus subsp. marinus str. CCMP1375		CCMP1375; SS120				NCBI Prokaryotic Genome Annotation Pipeline (PGAP)	1751080	Complete Genome	2003-07-25	
GCA_000007925.1	Prochlorococcus marinus subsp. marinus str. CCMP1375		CCMP1375; SS120				Annotation submitted by CNRS	1751080	Complete Genome	2003-07-25	
GCF_000011465.1	Prochlorococcus marinus subsp. pastoris str. CCMP1986		MED4				NCBI Prokaryotic Genome Annotation Pipeline (PGAP)	1657990	Complete Genome	2003-08-18	
GCA_000011465.1	Prochlorococcus marinus subsp. pastoris str. CCMP1986		MED4				Annotation submitted by DOE Joint Genome Institute	1657990	Complete Genome	2003-08-18	
GCF_000757845.1	Prochlorococcus sp. MIT 0604		MIT 0604				NCBI Prokaryotic Genome Annotation Pipeline (PGAP)	1780061	Complete Genome	2014-09-25	
GCA_000757845.1	Prochlorococcus sp. MIT 0604		MIT 0604				Annotation submitted by MIT	1780061	Complete Genome	2014-09-25	
GCF_000757865.1	Prochlorococcus sp. MIT 0801		MIT 0801				NCBI Prokaryotic Genome Annotation Pipeline (PGAP)	1929203	Complete Genome	2014-09-25	
GCA_000757865.1	Prochlorococcus sp. MIT 0801		MIT 0801				Annotation submitted by MIT	1929203	Complete Genome	2014-09-25	
GCF_003967015.1	Pseudanabaena sp. ABRG5-3		ABRG5-3				NCBI Prokaryotic Genome Annotation Pipeline (PGAP)	5657972	Complete Genome	2018-01-04	
GCA_003967015.1	Pseudanabaena sp. ABRG5-3		ABRG5-3				Annotation submitted by Department of Life Sciences, Graduate School of Arts and Sciences, University of Tokyo	5657972	Complete Genome	2018-01-04	
GCF_000317065.1	Pseudanabaena sp. PCC 7367		PCC 7367				NCBI Prokaryotic Genome Annotation Pipeline (PGAP)	4885680	Complete Genome	2012-12-05	
GCA_000317065.1	Pseudanabaena sp. PCC 7367		PCC 7367				Annotation submitted by JGI	4885680	Complete Genome	2012-12-05	
GCF_019056575.1	Richelia sinica FACHB-800		FACHB 800				NCBI Prokaryotic Genome Annotation Pipeline (PGAP)	5729487	Complete Genome	2021-06-29	
GCA_019056575.1	Richelia sinica FACHB-800		FACHB 800				Annotation submitted by Chinese Academy of Sciences	5729487	Complete Genome	2021-06-29	
GCF_000021805.1	Rippkaea orientalis PCC 8801		PCC 8801				NCBI Prokaryotic Genome Annotation Pipeline (PGAP)	4787694	Complete Genome	2008-12-17	
GCA_000021805.1	Rippkaea orientalis PCC 8801		PCC 8801				Annotation submitted by US DOE Joint Genome Institute (JGI-PGF)	4787694	Complete Genome	2008-12-17	
GCF_000316665.1	Rivularia sp. PCC 7116		PCC 7116				NCBI Prokaryotic Genome Annotation Pipeline (PGAP)	8728773	Complete Genome	2012-12-04	
GCA_000316665.1	Rivularia sp. PCC 7116		PCC 7116				Annotation submitted by DOE Joint Genome Institute	8728773	Complete Genome	2012-12-04	
GCF_000317575.1	Stanieria cyanosphaera PCC 7437		PCC 7437				NCBI Prokaryotic Genome Annotation Pipeline (PGAP)	5544990	Complete Genome	2012-12-06	
GCA_000317575.1	Stanieria cyanosphaera PCC 7437		PCC 7437				Annotation submitted by JGI	5544990	Complete Genome	2012-12-06	
GCF_002355455.1	Stanieria sp. NIES-3757		NIES-3757				NCBI Prokaryotic Genome Annotation Pipeline	5463308	Complete Genome	2016-03-08	
GCA_002355455.1	Stanieria sp. NIES-3757		NIES-3757				Annotation submitted by Environment and Life Sciences, Toyohashi University of Technology	5463308	Complete Genome	2016-03-08	
GCF_022984195.1	Synechococcus elongatus PCC 6301		PCC 6301				NCBI Prokaryotic Genome Annotation Pipeline (PGAP)	2749599	Complete Genome	2022-04-14	
GCF_000010065.1	Synechococcus elongatus PCC 6301		PCC 6301				NCBI Prokaryotic Genome Annotation Pipeline (PGAP)	2696255	Complete Genome	2004-12-16	
GCA_000010065.1	Synechococcus elongatus PCC 6301		PCC 6301				Annotation submitted by Nagoya University, Japan	2696255	Complete Genome	2004-12-16	
GCA_022984195.1	Synechococcus elongatus PCC 6301		PCC 6301				Annotation submitted by University of California, San Diego	2749599	Complete Genome	2022-04-14	
GCF_000817325.1	Synechococcus elongatus UTEX 2973		UTEX 2973				NCBI Prokaryotic Genome Annotation Pipeline (PGAP)	2744626	Complete Genome	2015-01-09	
GCA_000817325.1	Synechococcus elongatus UTEX 2973		UTEX 2973				Annotation submitted by Washington University in St Louis	2744626	Complete Genome	2015-01-09	
GCF_003957805.1	Synechococcus elongatus UTEX 3055		UTEX 3055				NCBI Prokaryotic Genome Annotation Pipeline (PGAP)	2881223	Complete Genome	2018-12-21	
GCA_003957805.1	Synechococcus elongatus UTEX 3055		UTEX 3055					2881223	Complete Genome	2018-12-21	
GCF_023115425.1	Synechococcus sp. A10-1-5-1		A10-1-5-1				NCBI Prokaryotic Genome Annotation Pipeline (PGAP)	2404104	Complete Genome	2022-04-26	
GCA_023115425.1	Synechococcus sp. A10-1-5-1		A10-1-5-1				NCBI Prokaryotic Genome Annotation Pipeline (PGAP)	2404104	Complete Genome	2022-04-26	
GCF_014280215.1	Synechococcus sp. A15-127		A15-127				NCBI Prokaryotic Genome Annotation Pipeline (PGAP)	2543463	Complete Genome	2020-08-24	
GCA_014280215.1	Synechococcus sp. A15-127		A15-127				Annotation submitted by Station Biologique de Roscoff (CNRS - Sorbonne University)	2543463	Complete Genome	2020-08-24	
GCF_014280115.1	Synechococcus sp. A15-44		A15-44				NCBI Prokaryotic Genome Annotation Pipeline (PGAP)	2621965	Complete Genome	2020-08-24	
GCA_014280115.1	Synechococcus sp. A15-44		A15-44				Annotation submitted by Station Biologique de Roscoff (CNRS - Sorbonne University)	2621965	Complete Genome	2020-08-24	
GCF_014280095.1	Synechococcus sp. A15-60		A15-60				NCBI Prokaryotic Genome Annotation Pipeline (PGAP)	2543402	Complete Genome	2020-08-24	
GCA_014280095.1	Synechococcus sp. A15-60		A15-60				Annotation submitted by Station Biologique de Roscoff (CNRS - Sorbonne University)	2543402	Complete Genome	2020-08-24	
GCF_014280075.1	Synechococcus sp. A15-62		A15-62				NCBI Prokaryotic Genome Annotation Pipeline (PGAP)	2294140	Complete Genome	2020-08-24	
GCA_014280075.1	Synechococcus sp. A15-62		A15-62				Annotation submitted by Station Biologique de Roscoff (CNRS - Sorbonne University)	2294140	Complete Genome	2020-08-24	
GCF_014280035.1	Synechococcus sp. A18-25c		A18-25c				NCBI Prokaryotic Genome Annotation Pipeline (PGAP)	2511360	Complete Genome	2020-08-24	
GCA_014280035.1	Synechococcus sp. A18-25c		A18-25c				Annotation submitted by Station Biologique de Roscoff (CNRS - Sorbonne University)	2511360	Complete Genome	2020-08-24	
GCF_014279975.1	Synechococcus sp. BIOS-U3-1		BIOS-U3-1				NCBI Prokaryotic Genome Annotation Pipeline (PGAP)	2710834	Complete Genome	2020-08-24	
GCA_014279975.1	Synechococcus sp. BIOS-U3-1		BIOS-U3-1				Annotation submitted by Station Biologique de Roscoff (CNRS - Sorbonne University)	2710834	Complete Genome	2020-08-24	
GCF_014279955.1	Synechococcus sp. BMK-MC-1		BMK-MC-1				NCBI Prokaryotic Genome Annotation Pipeline (PGAP)	2601150	Complete Genome	2020-08-24	
GCA_014279955.1	Synechococcus sp. BMK-MC-1		BMK-MC-1				Annotation submitted by Station Biologique de Roscoff (CNRS - Sorbonne University)	2601150	Complete Genome	2020-08-24	
GCF_000179235.2	Synechococcus sp. CB0101		CB0101				NCBI Prokaryotic Genome Annotation Pipeline (PGAP)	2789647	Complete Genome	2019-04-30	
GCA_000179235.2	Synechococcus sp. CB0101		CB0101				NCBI Prokaryotic Genome Annotation Pipeline	2789647	Complete Genome	2019-04-30	
GCF_015840915.1	Synechococcus sp. CBW1002		CBW1002				NCBI Prokaryotic Genome Annotation Pipeline (PGAP)	3854122	Complete Genome	2020-12-08	
GCA_015840915.1	Synechococcus sp. CBW1002		CBW1002				NCBI Prokaryotic Genome Annotation Pipeline (PGAP)	3854122	Complete Genome	2020-12-08	
GCF_015840715.1	Synechococcus sp. CBW1004		CBW1004				NCBI Prokaryotic Genome Annotation Pipeline (PGAP)	3672318	Complete Genome	2020-12-08	
GCA_015840715.1	Synechococcus sp. CBW1004		CBW1004				NCBI Prokaryotic Genome Annotation Pipeline (PGAP)	3672318	Complete Genome	2020-12-08	
GCF_015840525.1	Synechococcus sp. CBW1006		CBW1006				NCBI Prokaryotic Genome Annotation Pipeline (PGAP)	3860130	Complete Genome	2020-12-08	
GCA_015840525.1	Synechococcus sp. CBW1006		CBW1006				NCBI Prokaryotic Genome Annotation Pipeline (PGAP)	3860130	Complete Genome	2020-12-08	
GCF_015841355.1	Synechococcus sp. CBW1107		CBW1107				NCBI Prokaryotic Genome Annotation Pipeline (PGAP)	3202093	Complete Genome	2020-12-08	
GCA_015841355.1	Synechococcus sp. CBW1107		CBW1107				NCBI Prokaryotic Genome Annotation Pipeline (PGAP)	3202093	Complete Genome	2020-12-08	
GCF_015840335.1	Synechococcus sp. CBW1108		CBW1108				NCBI Prokaryotic Genome Annotation Pipeline (PGAP)	3226220	Complete Genome	2020-12-08	
GCA_015840335.1	Synechococcus sp. CBW1108		CBW1108				NCBI Prokaryotic Genome Annotation Pipeline (PGAP)	3226220	Complete Genome	2020-12-08	
GCF_000014585.1	Synechococcus sp. CC9311		CC9311				NCBI Prokaryotic Genome Annotation Pipeline (PGAP)	2606748	Complete Genome	2006-09-01	
GCA_000014585.1	Synechococcus sp. CC9311		CC9311				Annotation submitted by TIGR	2606748	Complete Genome	2006-09-01	
GCF_000012625.1	Synechococcus sp. CC9605		CC9605				NCBI Prokaryotic Genome Annotation Pipeline (PGAP)	2510659	Complete Genome	2005-10-27	
GCA_000012625.1	Synechococcus sp. CC9605		CC9605				Annotation submitted by DOE Joint Genome Institute	2510659	Complete Genome	2005-10-27	
GCF_000012505.1	Synechococcus sp. CC9902		CC9902				NCBI Prokaryotic Genome Annotation Pipeline (PGAP)	2234828	Complete Genome	2005-10-26	
GCA_000012505.1	Synechococcus sp. CC9902		CC9902				Annotation submitted by DOE Joint Genome Institute	2234828	Complete Genome	2005-10-26	
GCF_000013225.1	Synechococcus sp. JA-2-3B'a(2-13)		JA-2-3B'a(2-13)				NCBI Prokaryotic Genome Annotation Pipeline (PGAP)	3046682	Complete Genome	2006-02-06	
GCA_000013225.1	Synechococcus sp. JA-2-3B'a(2-13)		JA-2-3B'a(2-13)				Annotation submitted by TIGR	3046682	Complete Genome	2006-02-06	
GCF_000013205.1	Synechococcus sp. JA-3-3Ab		JA-3-3Ab				NCBI Prokaryotic Genome Annotation Pipeline (PGAP)	2932766	Complete Genome	2006-02-06	
GCA_000013205.1	Synechococcus sp. JA-3-3Ab		JA-3-3Ab				Annotation submitted by TIGR	2932766	Complete Genome	2006-02-06	
GCF_000737535.1	Synechococcus sp. KORDI-100		KORDI-100				NCBI Prokaryotic Genome Annotation Pipeline (PGAP)	2789000	Complete Genome	2014-08-04	
GCA_000737535.1	Synechococcus sp. KORDI-100		KORDI-100				NCBI Prokaryotic Genome Annotation Pipeline	2789000	Complete Genome	2014-08-04	
GCF_000737575.1	Synechococcus sp. KORDI-49		KORDI-49				NCBI Prokaryotic Genome Annotation Pipeline (PGAP)	2585813	Complete Genome	2014-08-04	
GCA_000737575.1	Synechococcus sp. KORDI-49		KORDI-49				NCBI Prokaryotic Genome Annotation Pipeline	2585813	Complete Genome	2014-08-04	
GCF_000737595.1	Synechococcus sp. KORDI-52		KORDI-52				NCBI Prokaryotic Genome Annotation Pipeline (PGAP)	2572069	Complete Genome	2014-08-04	
GCA_000737595.1	Synechococcus sp. KORDI-52		KORDI-52				NCBI Prokaryotic Genome Annotation Pipeline	2572069	Complete Genome	2014-08-04	
GCF_014217875.1	Synechococcus sp. LTW-R		LTW-R				NCBI Prokaryotic Genome Annotation Pipeline (PGAP)	2415533	Complete Genome	2020-08-17	
GCA_014217875.1	Synechococcus sp. LTW-R		LTW-R				NCBI Prokaryotic Genome Annotation Pipeline (PGAP)	2415533	Complete Genome	2020-08-17	
GCF_014279895.1	Synechococcus sp. M16.1		M16.1				NCBI Prokaryotic Genome Annotation Pipeline (PGAP)	2112236	Complete Genome	2020-08-24	
GCA_014279895.1	Synechococcus sp. M16.1		M16.1				Annotation submitted by Station Biologique de Roscoff (CNRS - Sorbonne University)	2112236	Complete Genome	2020-08-24	
GCF_014279875.1	Synechococcus sp. MEDNS5		MEDNS5				NCBI Prokaryotic Genome Annotation Pipeline (PGAP)	2435869	Complete Genome	2020-08-24	
GCA_014279875.1	Synechococcus sp. MEDNS5		MEDNS5				Annotation submitted by Station Biologique de Roscoff (CNRS - Sorbonne University)	2435869	Complete Genome	2020-08-24	
GCF_014304815.1	Synechococcus sp. MIT S9220		MIT S9220				NCBI Prokaryotic Genome Annotation Pipeline (PGAP)	2424175	Complete Genome	2020-08-26	
GCA_014304815.1	Synechococcus sp. MIT S9220		MIT S9220				Annotation submitted by Station Biologique de Roscoff (CNRS - Sorbonne University)	2424175	Complete Genome	2020-08-26	
GCF_014279835.1	Synechococcus sp. MVIR-18-1		MVIR-18-1				NCBI Prokaryotic Genome Annotation Pipeline (PGAP)	2451974	Complete Genome	2020-08-24	
GCA_014279835.1	Synechococcus sp. MVIR-18-1		MVIR-18-1				Annotation submitted by Station Biologique de Roscoff (CNRS - Sorbonne University)	2451974	Complete Genome	2020-08-24	
GCF_014279855.1	Synechococcus sp. Minos11		MINOS11				NCBI Prokaryotic Genome Annotation Pipeline (PGAP)	2284343	Complete Genome	2020-08-24	
GCA_014279855.1	Synechococcus sp. Minos11		MINOS11				Annotation submitted by Station Biologique de Roscoff (CNRS - Sorbonne University)	2284343	Complete Genome	2020-08-24	
GCF_023078835.1	Synechococcus sp. NB0720_010		NB0720_010				NCBI Prokaryotic Genome Annotation Pipeline (PGAP)	2410448	Complete Genome	2022-04-21	
GCA_023078835.1	Synechococcus sp. NB0720_010		NB0720_010				NCBI Prokaryotic Genome Annotation Pipeline (PGAP)	2410448	Complete Genome	2022-04-21	
GCF_002356215.1	Synechococcus sp. NIES-970		NIES-970				NCBI Prokaryotic Genome Annotation Pipeline	3123859	Complete Genome	2017-02-08	
GCA_002356215.1	Synechococcus sp. NIES-970		NIES-970				Annotation submitted by National Institute for Environmental Studies	3123859	Complete Genome	2017-02-08	
GCF_014279815.1	Synechococcus sp. NOUM97013		NOUM97013				NCBI Prokaryotic Genome Annotation Pipeline (PGAP)	2552712	Complete Genome	2020-08-24	
GCA_014279815.1	Synechococcus sp. NOUM97013		NOUM97013				Annotation submitted by Station Biologique de Roscoff (CNRS - Sorbonne University)	2552712	Complete Genome	2020-08-24	
GCF_000316685.1	Synechococcus sp. PCC 6312		PCC 6312				NCBI Prokaryotic Genome Annotation Pipeline (PGAP)	3720499	Complete Genome	2012-12-04	
GCA_000316685.1	Synechococcus sp. PCC 6312		PCC 6312				Annotation submitted by JGI	3720499	Complete Genome	2012-12-04	
GCF_000019485.1	Synechococcus sp. PCC 7002		PCC 7002; ATCC 27264				NCBI Prokaryotic Genome Annotation Pipeline (PGAP)	3409935	Complete Genome	2008-03-14	
GCA_000019485.1	Synechococcus sp. PCC 7002		PCC 7002; ATCC 27264				Annotation submitted by Penn State University	3409935	Complete Genome	2008-03-14	
GCF_001693255.1	Synechococcus sp. PCC 7003		PCC 7003				NCBI Prokaryotic Genome Annotation Pipeline (PGAP)	3345085	Complete Genome	2016-07-25	
GCA_001693255.1	Synechococcus sp. PCC 7003		PCC 7003				NCBI Prokaryotic Genome Annotation Pipeline	3345085	Complete Genome	2016-07-25	
GCF_001693275.1	Synechococcus sp. PCC 7117		PCC 7117				NCBI Prokaryotic Genome Annotation Pipeline (PGAP)	3432101	Complete Genome	2016-07-25	
GCA_001693275.1	Synechococcus sp. PCC 7117		PCC 7117				NCBI Prokaryotic Genome Annotation Pipeline	3432101	Complete Genome	2016-07-25	
GCF_001521855.1	Synechococcus sp. PCC 73109		PCC 73109				NCBI Prokaryotic Genome Annotation Pipeline (PGAP)	3298676	Complete Genome	2016-01-21	
GCA_001521855.1	Synechococcus sp. PCC 73109		PCC 73109				NCBI Prokaryotic Genome Annotation Pipeline	3298676	Complete Genome	2016-01-21	
GCF_000317085.1	Synechococcus sp. PCC 7502		PCC 7502				NCBI Prokaryotic Genome Annotation Pipeline (PGAP)	3583735	Complete Genome	2012-12-05	
GCA_000317085.1	Synechococcus sp. PCC 7502		PCC 7502				Annotation submitted by JGI	3583735	Complete Genome	2012-12-05	
GCF_001693295.1	Synechococcus sp. PCC 8807		PCC 8807				NCBI Prokaryotic Genome Annotation Pipeline (PGAP)	3304088	Complete Genome	2016-07-25	
GCA_001693295.1	Synechococcus sp. PCC 8807		PCC 8807				NCBI Prokaryotic Genome Annotation Pipeline	3304088	Complete Genome	2016-07-25	
GCF_014279795.1	Synechococcus sp. PROS-7-1		PROS-7-1				NCBI Prokaryotic Genome Annotation Pipeline (PGAP)	2565218	Complete Genome	2020-08-24	
GCA_014279795.1	Synechococcus sp. PROS-7-1		PROS-7-1				Annotation submitted by Station Biologique de Roscoff (CNRS - Sorbonne University)	2565218	Complete Genome	2020-08-24	
GCF_014279775.1	Synechococcus sp. PROS-9-1		PROS-9-1				NCBI Prokaryotic Genome Annotation Pipeline (PGAP)	2273940	Complete Genome	2020-08-24	
GCA_014279775.1	Synechococcus sp. PROS-9-1		PROS-9-1				Annotation submitted by Station Biologique de Roscoff (CNRS - Sorbonne University)	2273940	Complete Genome	2020-08-24	
GCF_014279755.1	Synechococcus sp. PROS-U-1		PROS-U-1				NCBI Prokaryotic Genome Annotation Pipeline (PGAP)	2576003	Complete Genome	2020-08-24	
GCA_014279755.1	Synechococcus sp. PROS-U-1		PROS-U-1				Annotation submitted by Station Biologique de Roscoff (CNRS - Sorbonne University)	2576003	Complete Genome	2020-08-24	
GCF_000063525.1	Synechococcus sp. RCC307						NCBI Prokaryotic Genome Annotation Pipeline	2224914	Complete Genome	2007-05-19	
GCA_000063525.1	Synechococcus sp. RCC307						Annotation submitted by Genoscope	2224914	Complete Genome	2007-05-19	
GCF_014279655.1	Synechococcus sp. ROS8604		ROS8604				NCBI Prokaryotic Genome Annotation Pipeline (PGAP)	2876904	Complete Genome	2020-08-24	
GCA_014279655.1	Synechococcus sp. ROS8604		ROS8604				Annotation submitted by Station Biologique de Roscoff (CNRS - Sorbonne University)	2876904	Complete Genome	2020-08-24	
GCF_014279635.1	Synechococcus sp. RS9902		RS9902				NCBI Prokaryotic Genome Annotation Pipeline (PGAP)	2481217	Complete Genome	2020-08-24	
GCA_014279635.1	Synechococcus sp. RS9902		RS9902				Annotation submitted by Station Biologique de Roscoff (CNRS - Sorbonne University)	2481217	Complete Genome	2020-08-24	
GCF_014279615.1	Synechococcus sp. RS9907		RS9907				NCBI Prokaryotic Genome Annotation Pipeline (PGAP)	2581635	Complete Genome	2020-08-24	
GCA_014279615.1	Synechococcus sp. RS9907		RS9907				Annotation submitted by Station Biologique de Roscoff (CNRS - Sorbonne University)	2581635	Complete Genome	2020-08-24	
GCF_014279595.1	Synechococcus sp. RS9909		RS9909				NCBI Prokaryotic Genome Annotation Pipeline (PGAP)	2603169	Complete Genome	2020-08-24	
GCA_014279595.1	Synechococcus sp. RS9909		RS9909				Annotation submitted by Station Biologique de Roscoff (CNRS - Sorbonne University)	2603169	Complete Genome	2020-08-24	
GCF_008807075.1	Synechococcus sp. RSCCF101		RSCCF101				NCBI Prokaryotic Genome Annotation Pipeline (PGAP)	2984853	Complete Genome	2019-10-03	
GCA_008807075.1	Synechococcus sp. RSCCF101		RSCCF101				NCBI Prokaryotic Genome Annotation Pipeline	2984853	Complete Genome	2019-10-03	
GCF_014279555.1	Synechococcus sp. SYN20		SYN20				NCBI Prokaryotic Genome Annotation Pipeline (PGAP)	2728628	Complete Genome	2020-08-24	
GCA_014279555.1	Synechococcus sp. SYN20		SYN20				Annotation submitted by Station Biologique de Roscoff (CNRS - Sorbonne University)	2728628	Complete Genome	2020-08-24	
GCF_001885215.1	Synechococcus sp. SynAce01		SynAce01				NCBI Prokaryotic Genome Annotation Pipeline (PGAP)	2750634	Complete Genome	2016-11-22	
GCA_001885215.1	Synechococcus sp. SynAce01		SynAce01				NCBI Prokaryotic Genome Annotation Pipeline	2750634	Complete Genome	2016-11-22	
GCF_014279535.1	Synechococcus sp. TAK9802		TAK9802				NCBI Prokaryotic Genome Annotation Pipeline (PGAP)	2190394	Complete Genome	2020-08-24	
GCA_014279535.1	Synechococcus sp. TAK9802		TAK9802				Annotation submitted by Station Biologique de Roscoff (CNRS - Sorbonne University)	2190394	Complete Genome	2020-08-24	
GCF_000063505.1	Synechococcus sp. WH 7803						NCBI Prokaryotic Genome Annotation Pipeline	2366980	Complete Genome	2007-05-19	
GCA_000063505.1	Synechococcus sp. WH 7803						Annotation submitted by Genoscope	2366980	Complete Genome	2007-05-19	
GCF_004209775.1	Synechococcus sp. WH 8101		WH 8101				NCBI Prokaryotic Genome Annotation Pipeline (PGAP)	2630292	Complete Genome	2019-02-19	
GCF_014304795.1	Synechococcus sp. WH 8101		WH 8101				NCBI Prokaryotic Genome Annotation Pipeline (PGAP)	2623023	Complete Genome	2020-08-26	
GCA_004209775.1	Synechococcus sp. WH 8101		WH 8101				Annotation submitted by University of Delaware	2630292	Complete Genome	2019-02-19	
GCA_014304795.1	Synechococcus sp. WH 8101		WH 8101				Annotation submitted by Station Biologique de Roscoff (CNRS - Sorbonne University)	2623023	Complete Genome	2020-08-26	
GCF_000161795.2	Synechococcus sp. WH 8109		WH 8109				NCBI Prokaryotic Genome Annotation Pipeline (PGAP)	2111515	Complete Genome	2014-01-09	
GCA_000161795.2	Synechococcus sp. WH 8109		WH 8109				Annotation submitted by Gordon and Betty Moore Foundation Marine Microbiology Initiative	2111515	Complete Genome	2014-01-09	
GCF_003015225.1	Synechocystis sp. IPPAS B-1465		IPPAS B-1465				NCBI Prokaryotic Genome Annotation Pipeline (PGAP)	3950993	Complete Genome	2018-03-26	
GCA_003015225.1	Synechocystis sp. IPPAS B-1465		IPPAS B-1465				NCBI Prokaryotic Genome Annotation Pipeline	3950993	Complete Genome	2018-03-26	
GCF_000478825.2	Synechocystis sp. PCC 6714		PCC 6714				NCBI Prokaryotic Genome Annotation Pipeline (PGAP)	3738889	Complete Genome	2014-07-09	
GCA_000478825.2	Synechocystis sp. PCC 6714		PCC 6714				Annotation submitted by University of Freiburg	3738889	Complete Genome	2014-07-09	
GCF_000009725.1	Synechocystis sp. PCC 6803		PCC 6803				NCBI Prokaryotic Genome Annotation Pipeline (PGAP)	3947019	Complete Genome	2004-05-11	
GCF_000270265.1	Synechocystis sp. PCC 6803		GT-S				NCBI Prokaryotic Genome Annotation Pipeline (PGAP)	3571103	Complete Genome	2011-07-01	
GCF_000340785.1	Synechocystis sp. PCC 6803		PCC 6803				NCBI Prokaryotic Genome Annotation Pipeline (PGAP)	3949306	Complete Genome	2013-02-19	
GCF_001318385.1	Synechocystis sp. PCC 6803		PCC 6803 substr. GT-G				NCBI Prokaryotic Genome Annotation Pipeline (PGAP)	3569196	Complete Genome	2015-10-16	
GCF_018845095.1	Synechocystis sp. PCC 6803		PCC 6803				NCBI Prokaryotic Genome Annotation Pipeline (PGAP)	3947544	Complete Genome	2021-06-11	
GCF_022869765.1	Synechocystis sp. PCC 6803		PCC 6803 substr. GT-T				NCBI Prokaryotic Genome Annotation Pipeline (PGAP)	3569929	Complete Genome	2022-04-11	
GCA_000009725.1	Synechocystis sp. PCC 6803		PCC 6803				Annotation submitted by Kazusa	3947019	Complete Genome	2004-05-11	
GCA_000270265.1	Synechocystis sp. PCC 6803		GT-S				Annotation submitted by Graduate School of Arts and Sciences, University of Tokyo	3571103	Complete Genome	2011-07-01	
GCA_000340785.1	Synechocystis sp. PCC 6803		PCC 6803				Annotation submitted by Institute of Biology 3, Faculty of Biology, Albert-Ludwigs-University Freiburg	3949306	Complete Genome	2013-02-19	
GCA_001318385.1	Synechocystis sp. PCC 6803		PCC 6803 substr. GT-G				NCBI Prokaryotic Genome Annotation Pipeline	3569196	Complete Genome	2015-10-16	
GCA_018845095.1	Synechocystis sp. PCC 6803		PCC 6803				NCBI Prokaryotic Genome Annotation Pipeline (PGAP)	3947544	Complete Genome	2021-06-11	
GCA_022869765.1	Synechocystis sp. PCC 6803		PCC 6803 substr. GT-T				NCBI Prokaryotic Genome Annotation Pipeline (PGAP)	3569929	Complete Genome	2022-04-11	
GCF_000284135.1	Synechocystis sp. PCC 6803 substr. GT-I						NCBI Prokaryotic Genome Annotation Pipeline (PGAP)	3570004	Complete Genome	2011-12-01	
GCA_000284135.1	Synechocystis sp. PCC 6803 substr. GT-I						Annotation submitted by University of Tokyo , Department of Agriculture,	3570004	Complete Genome	2011-12-01	
GCF_000284215.1	Synechocystis sp. PCC 6803 substr. PCC-N						NCBI Prokaryotic Genome Annotation Pipeline (PGAP)	3570103	Complete Genome	2011-12-01	
GCA_000284215.1	Synechocystis sp. PCC 6803 substr. PCC-N						Annotation submitted by University of Tokyo, Department of Agriculture	3570103	Complete Genome	2011-12-01	
GCF_000284455.1	Synechocystis sp. PCC 6803 substr. PCC-P						NCBI Prokaryotic Genome Annotation Pipeline (PGAP)	3570114	Complete Genome	2011-12-01	
GCA_000284455.1	Synechocystis sp. PCC 6803 substr. PCC-P						Annotation submitted by University of Tokyo,  Department of Agriculture	3570114	Complete Genome	2011-12-01	
GCF_018282115.1	Synechocystis sp. PCC 7338		PCC 7338				NCBI Prokaryotic Genome Annotation Pipeline (PGAP)	3832803	Complete Genome	2021-05-05	
GCA_018282115.1	Synechocystis sp. PCC 7338		PCC 7338				NCBI Prokaryotic Genome Annotation Pipeline (PGAP)	3832803	Complete Genome	2021-05-05	
GCF_019924095.1	Synechocystis sp. PCC 7339		PCC 7339				NCBI Prokaryotic Genome Annotation Pipeline (PGAP)	3876863	Complete Genome	2021-09-10	
GCA_019924095.1	Synechocystis sp. PCC 7339		PCC 7339				NCBI Prokaryotic Genome Annotation Pipeline (PGAP)	3876863	Complete Genome	2021-09-10	
GCF_013177315.1	Thermoleptolyngbya sichuanensis PKUAC-SCTA183		PKUAC-SCTA183				NCBI Prokaryotic Genome Annotation Pipeline (PGAP)	5525100	Complete Genome	2020-05-27	
GCA_013177315.1	Thermoleptolyngbya sichuanensis PKUAC-SCTA183		PKUAC-SCTA183				NCBI Prokaryotic Genome Annotation Pipeline (PGAP)	5525100	Complete Genome	2020-05-27	
GCF_016919485.1	Thermoleptolyngbya sp. PKUAC-SCTB121		PKUAC-SCTB121				NCBI Prokaryotic Genome Annotation Pipeline (PGAP)	5490383	Complete Genome	2021-02-23	
GCA_016919485.1	Thermoleptolyngbya sp. PKUAC-SCTB121		PKUAC-SCTB121					5490383	Complete Genome	2021-02-23	
GCF_002754935.1	Thermostichus lividus PCC 6715		PCC 6715				NCBI Prokaryotic Genome Annotation Pipeline (PGAP)	2659739	Complete Genome	2017-11-06	
GCA_002754935.1	Thermostichus lividus PCC 6715		PCC 6715				NCBI Prokaryotic Genome Annotation Pipeline	2659739	Complete Genome	2017-11-06	
GCF_003555505.1	Thermosynechococcus elongatus PKUAC-SCTE542		PKUAC-SCTE542				NCBI Prokaryotic Genome Annotation Pipeline (PGAP)	2650294	Complete Genome	2020-07-23	
GCA_003555505.2	Thermosynechococcus elongatus PKUAC-SCTE542		PKUAC-SCTE542				NCBI Prokaryotic Genome Annotation Pipeline (PGAP)	2650294	Complete Genome	2020-07-23	
GCF_008386235.1	Thermosynechococcus sp. CL-1		CL-1				NCBI Prokaryotic Genome Annotation Pipeline (PGAP)	2647823	Complete Genome	2019-09-16	
GCA_008386235.1	Thermosynechococcus sp. CL-1		CL-1				NCBI Prokaryotic Genome Annotation Pipeline (PGAP)	2647823	Complete Genome	2019-09-16	
GCF_023650955.1	Thermosynechococcus sp. HN-54		HN-54				NCBI Prokaryotic Genome Annotation Pipeline (PGAP)	2705963	Complete Genome	2022-06-06	
GCA_023650955.1	Thermosynechococcus sp. HN-54		HN-54				NCBI Prokaryotic Genome Annotation Pipeline (PGAP)	2705963	Complete Genome	2022-06-06	
GCF_017086385.1	Thermosynechococcus sp. TA-1		TA-1				NCBI Prokaryotic Genome Annotation Pipeline (PGAP)	2658717	Complete Genome	2021-03-01	
GCA_017086385.1	Thermosynechococcus sp. TA-1		TA-1				NCBI Prokaryotic Genome Annotation Pipeline (PGAP)	2658717	Complete Genome	2021-03-01	
GCF_000011345.1	Thermosynechococcus vestitus BP-1		BP-1				NCBI Prokaryotic Genome Annotation Pipeline (PGAP)	2593857	Complete Genome	2004-05-11	
GCA_000011345.1	Thermosynechococcus vestitus BP-1		BP-1				Annotation submitted by Kazusa	2593857	Complete Genome	2004-05-11	
GCF_011769525.1	Tolypothrix sp. PCC 7910		PCC 7910				NCBI Prokaryotic Genome Annotation Pipeline (PGAP)	8761534	Complete Genome	2020-03-30	
GCA_011769525.1	Tolypothrix sp. PCC 7910		PCC 7910				NCBI Prokaryotic Genome Annotation Pipeline (PGAP)	8761534	Complete Genome	2020-03-30	
GCF_009856605.1	Trichormus variabilis 0441		0441				NCBI Prokaryotic Genome Annotation Pipeline (PGAP)	7096012	Complete Genome	2020-01-11	
GCA_009856605.1	Trichormus variabilis 0441		0441				NCBI Prokaryotic Genome Annotation Pipeline (PGAP)	7096012	Complete Genome	2020-01-11	
GCF_000204075.1	Trichormus variabilis ATCC 29413		ATCC 29413				NCBI Prokaryotic Genome Annotation Pipeline (PGAP)	7105752	Complete Genome	2005-09-15	
GCA_000204075.1	Trichormus variabilis ATCC 29413		ATCC 29413				Annotation submitted by DOE Joint Genome Institute	7105752	Complete Genome	2005-09-15	
GCF_016446395.1	[Phormidium] sp. ETS-05		ETS-05				NCBI Prokaryotic Genome Annotation Pipeline (PGAP)	6286783	Complete Genome	2020-12-30	
GCA_016446395.1	[Phormidium] sp. ETS-05		ETS-05					6286783	Complete Genome	2020-12-30	
GCF_020885515.1	cyanobacterium endosymbiont of Braarudosphaera bigelowii				CPSB-1		NCBI Prokaryotic Genome Annotation Pipeline (PGAP)	1491611	Complete Genome	2021-10-16	
GCA_020885515.1	cyanobacterium endosymbiont of Braarudosphaera bigelowii				CPSB-1		Annotation submitted by National Institute for Environmental Studies	1491611	Complete Genome	2021-10-16	
GCF_000829235.1	cyanobacterium endosymbiont of Epithemia turgida isolate EtSB Lake Yunoko				ETSB Lake Yunoko		NCBI Prokaryotic Genome Annotation Pipeline (PGAP)	2794318	Complete Genome	2014-07-23	
GCA_000829235.1	cyanobacterium endosymbiont of Epithemia turgida isolate EtSB Lake Yunoko				ETSB Lake Yunoko		Annotation submitted by Department of Biochemistry & Molecular Biology, Dalhousie University	2794318	Complete Genome	2014-07-23	
GCF_003574135.1	cyanobacterium endosymbiont of Rhopalodia gibberula				RgSB		NCBI Prokaryotic Genome Annotation Pipeline (PGAP)	3020309	Complete Genome	2017-10-17	
GCA_003574135.1	cyanobacterium endosymbiont of Rhopalodia gibberula				RgSB		Annotation submitted by Center for Computational Sciences, University of Tsukuba	3020309	Complete Genome	2017-10-17	
