ID,Sites,Abundance
Calothrix_sp._336_3,ACGCGCGT,0
Calothrix_sp._336_3,AGGCGCCT,0
Calothrix_sp._336_3,CAGGCCTG,0
Calothrix_sp._336_3,CGGCGCCG,0
Calothrix_sp._336_3,CGTGCACG,0
Calothrix_sp._336_3,GATCGATC,0
Calothrix_sp._336_3,GCGATCGC,65.3963064436089
Calothrix_sp._336_3,GGGATCCC,0
Calothrix_sp._336_3,TATATATA,0
Calothrix_sp._336_3,TCGATCGA,0
Calothrix_sp._336_3,TGGCGCCA,0
Calothrix_sp._PCC_7507,ACGCGCGT,0
Calothrix_sp._PCC_7507,AGGCGCCT,0
Calothrix_sp._PCC_7507,CAGGCCTG,0
Calothrix_sp._PCC_7507,CGGCGCCG,0
Calothrix_sp._PCC_7507,CGTGCACG,0
Calothrix_sp._PCC_7507,GATCGATC,0
Calothrix_sp._PCC_7507,GCGATCGC,139.437958841562
Calothrix_sp._PCC_7507,GGGATCCC,0
Calothrix_sp._PCC_7507,TATATATA,0
Calothrix_sp._PCC_7507,TCGATCGA,0
Calothrix_sp._PCC_7507,TGGCGCCA,0
Calothrix_sp._NIES-2098,ACGCGCGT,0
Calothrix_sp._NIES-2098,AGGCGCCT,0
Calothrix_sp._NIES-2098,CAGGCCTG,0
Calothrix_sp._NIES-2098,CGGCGCCG,0
Calothrix_sp._NIES-2098,CGTGCACG,0
Calothrix_sp._NIES-2098,GATCGATC,0
Calothrix_sp._NIES-2098,GCGATCGC,0
Calothrix_sp._NIES-2098,GGGATCCC,0
Calothrix_sp._NIES-2098,TATATATA,0
Calothrix_sp._NIES-2098,TCGATCGA,0
Calothrix_sp._NIES-2098,TGGCGCCA,0
Calothrix_sp._NIES-3974,ACGCGCGT,0
Calothrix_sp._NIES-3974,AGGCGCCT,0
Calothrix_sp._NIES-3974,CAGGCCTG,0
Calothrix_sp._NIES-3974,CGGCGCCG,0
Calothrix_sp._NIES-3974,CGTGCACG,0
Calothrix_sp._NIES-3974,GATCGATC,0
Calothrix_sp._NIES-3974,GCGATCGC,56.0343814990868
Calothrix_sp._NIES-3974,GGGATCCC,0
Calothrix_sp._NIES-3974,TATATATA,0
Calothrix_sp._NIES-3974,TCGATCGA,0
Calothrix_sp._NIES-3974,TGGCGCCA,0
Calothrix_sp._PCC_6303,ACGCGCGT,0
Calothrix_sp._PCC_6303,AGGCGCCT,0
Calothrix_sp._PCC_6303,CAGGCCTG,0
Calothrix_sp._PCC_6303,CGGCGCCG,0
Calothrix_sp._PCC_6303,CGTGCACG,0
Calothrix_sp._PCC_6303,GATCGATC,0
Calothrix_sp._PCC_6303,GCGATCGC,68.8415350971717
Calothrix_sp._PCC_6303,GGGATCCC,0
Calothrix_sp._PCC_6303,TATATATA,0
Calothrix_sp._PCC_6303,TCGATCGA,0
Calothrix_sp._PCC_6303,TGGCGCCA,0
Calothrix_sp._NIES-4101,ACGCGCGT,0
Calothrix_sp._NIES-4101,AGGCGCCT,0
Calothrix_sp._NIES-4101,CAGGCCTG,0
Calothrix_sp._NIES-4101,CGGCGCCG,0
Calothrix_sp._NIES-4101,CGTGCACG,0
Calothrix_sp._NIES-4101,GATCGATC,0
Calothrix_sp._NIES-4101,GCGATCGC,6.859494
Calothrix_sp._NIES-4101,GGGATCCC,0
Calothrix_sp._NIES-4101,TATATATA,0
Calothrix_sp._NIES-4101,TCGATCGA,0
Calothrix_sp._NIES-4101,TGGCGCCA,0
Calothrix_sp._PCC_7716,ACGCGCGT,100.561360241153
Calothrix_sp._PCC_7716,AGGCGCCT,202.81386290385
Calothrix_sp._PCC_7716,CAGGCCTG,0
Calothrix_sp._PCC_7716,CGGCGCCG,109.999398997949
Calothrix_sp._PCC_7716,CGTGCACG,0
Calothrix_sp._PCC_7716,GATCGATC,0
Calothrix_sp._PCC_7716,GCGATCGC,0
Calothrix_sp._PCC_7716,GGGATCCC,0
Calothrix_sp._PCC_7716,TATATATA,487.274020029202
Calothrix_sp._PCC_7716,TCGATCGA,0
Calothrix_sp._PCC_7716,TGGCGCCA,540.386307132397
Calothrix_sp._NIES-4071,ACGCGCGT,155.288160858308
Calothrix_sp._NIES-4071,AGGCGCCT,180.561103783044
Calothrix_sp._NIES-4071,CAGGCCTG,0
Calothrix_sp._NIES-4071,CGGCGCCG,104.227896110031
Calothrix_sp._NIES-4071,CGTGCACG,0
Calothrix_sp._NIES-4071,GATCGATC,0
Calothrix_sp._NIES-4071,GCGATCGC,0
Calothrix_sp._NIES-4071,GGGATCCC,0
Calothrix_sp._NIES-4071,TATATATA,479.201347699187
Calothrix_sp._NIES-4071,TCGATCGA,0
Calothrix_sp._NIES-4071,TGGCGCCA,452.313243861518
